CustomerFirstName,CustomerLastName,StreetAddress
Mikel,Rankling,2901 American Ash Road
Nial,Rentcome,08928 Sunfield Plaza
Leon,Coales,546 Darwin Park
Timothy,Southon,79507 Scott Court
Thedric,Firbank,755 Ramsey Terrace
Gerrie,Barr,477 Havey Hill
Hagen,Maris,7864 Hoepker Crossing
Winthrop,Lantaph,92172 Stoughton Court
Martainn,Couch,167 Calypso Terrace
Marcos,Perrin,223 Paget Road
Trev,Stanyer,8 Fairfield Crossing
Glenn,Leport,8 Tomscot Place
Odell,Wakley,52 Orin Avenue
Vale,Bodega,35 Fisk Alley
Shelton,Reddings,78147 Hayes Park
Robert,Stout,6340 Chive Park
Rube,Moralee,29 Spenser Hill
Paddy,Scamwell,807 Maywood Place
Franklin,Skouling,65288 Anniversary Street
Nevins,Taplin,2378 Corben Hill
Any,Rowen,466 Delladonna Pass
Marius,Warbys,59 Redwing Avenue
Had,Maffioletti,19 Dryden Hill
Noam,Deelay,9 Browning Court
Lindy,Hackey,9885 1st Lane
Sylvan,Espinel,0 Bellgrove Circle
Gibbie,Purcell,875 Harper Plaza
Merrick,Wymer,053 Pankratz Trail
Wakefield,Seivwright,421 Norway Maple Parkway
Stan,Ivel,1 Maple Place
