CustomerFirstName	CustomerLastName	StreetAddress	PurchaseID	PurchaseDate	PurchaseAmount
Timothy	Southon	79507 Scott Court	1	09-04-2020	28238
Shelton	Reddings	78147 Hayes Park	2	10/14/2020	29528
Gibbie	Purcell	875 Harper Plaza	3	6/18/2020	22763
Marius	Warbys	59 Redwing Avenue	4	10/15/2020	24043
Merrick	Wymer	053 Pankratz Trail	5	01-01-2020	20814
Shelton	Reddings	78147 Hayes Park	6	01-02-2020	27609
Trev	Stanyer	8 Fairfield Crossing	7	10-10-2020	23244
Thedric	Firbank	755 Ramsey Terrace	8	7/21/2020	28114
Franklin	Skouling	65288 Anniversary Street	9	9/14/2020	26720
Rube	Moralee	29 Spenser Hill	10	11-09-2020	29969
Wakefield	Seivwright	421 Norway Maple Parkway	11	01-09-2020	28532
Stan	Ivel	1 Maple Place	12	10/23/2020	26970
Martainn	Couch	167 Calypso Terrace	13	07-05-2020	25937
Nial	Rentcome	08928 Sunfield Plaza	14	04-06-2020	25585
Sylvan	Espinel	0 Bellgrove Circle	15	08-01-2020	21140
Thedric	Firbank	755 Ramsey Terrace	16	3/24/2020	29687
Paddy	Scamwell	807 Maywood Place	17	10-12-2020	26784
Marius	Warbys	59 Redwing Avenue	18	02-01-2020	25303
Odell	Wakley	52 Orin Avenue	19	10-11-2020	26465
Wakefield	Seivwright	421 Norway Maple Parkway	20	08-01-2020	23690
Noam	Deelay	9 Browning Court	21	4/21/2020	20117
Mikel	Rankling	2901 American Ash Road	22	04-11-2020	26179
Franklin	Skouling	65288 Anniversary Street	23	7/21/2020	26424
Trev	Stanyer	8 Fairfield Crossing	24	01-07-2020	27460
Glenn	Leport	8 Tomscot Place	25	11/30/2019	20636
Any	Rowen	466 Delladonna Pass	26	08-01-2020	26488
Wakefield	Seivwright	421 Norway Maple Parkway	27	12/31/2019	25936
Merrick	Wymer	053 Pankratz Trail	28	9/17/2020	26034
Sylvan	Espinel	0 Bellgrove Circle	29	10/25/2020	24162
Shelton	Reddings	78147 Hayes Park	30	10/28/2020	29339
Wakefield	Seivwright	421 Norway Maple Parkway	31	9/27/2020	23545
Robert	Stout	6340 Chive Park	32	02-04-2020	23459
Hagen	Maris	7864 Hoepker Crossing	33	09-07-2020	23704
Noam	Deelay	9 Browning Court	34	9/18/2020	23077
Nial	Rentcome	08928 Sunfield Plaza	35	7/26/2020	29344
Sylvan	Espinel	0 Bellgrove Circle	36	12-07-2019	26865
Robert	Stout	6340 Chive Park	37	10/20/2020	28732
Stan	Ivel	1 Maple Place	38	10/26/2020	27860
Martainn	Couch	167 Calypso Terrace	39	9/26/2020	23056
Any	Rowen	466 Delladonna Pass	40	9/17/2020	27624
Paddy	Scamwell	807 Maywood Place	41	08-11-2020	29290
Odell	Wakley	52 Orin Avenue	42	10/23/2020	29703
Lindy	Hackey	9885 1st Lane	43	12/14/2019	25996
Nial	Rentcome	08928 Sunfield Plaza	44	12-02-2019	24686
Sylvan	Espinel	0 Bellgrove Circle	45	11/22/2019	26118
Leon	Coales	546 Darwin Park	46	12/31/2019	28319
Odell	Wakley	52 Orin Avenue	47	10/22/2020	29528
Trev	Stanyer	8 Fairfield Crossing	48	9/14/2020	21927
Shelton	Reddings	78147 Hayes Park	49	2/21/2020	24337
Had	Maffioletti	19 Dryden Hill	50	8/30/2020	26780
Thedric	Firbank	755 Ramsey Terrace	51	05-09-2020	25809
Shelton	Reddings	78147 Hayes Park	52	2/25/2020	28887
Merrick	Wymer	053 Pankratz Trail	53	09-06-2020	24200
Merrick	Wymer	053 Pankratz Trail	54	2/22/2020	29951
Lindy	Hackey	9885 1st Lane	55	3/20/2020	26980
Martainn	Couch	167 Calypso Terrace	56	02-05-2020	20298
Leon	Coales	546 Darwin Park	57	9/15/2020	24450
Paddy	Scamwell	807 Maywood Place	58	12/16/2019	21222
Nevins	Taplin	2378 Corben Hill	59	4/22/2020	23954
Mikel	Rankling	2901 American Ash Road	60	01-03-2020	28155
Hagen	Maris	7864 Hoepker Crossing	61	05-06-2020	25063
Leon	Coales	546 Darwin Park	62	8/29/2020	29697
Hagen	Maris	7864 Hoepker Crossing	63	7/13/2020	22143
Glenn	Leport	8 Tomscot Place	64	1/24/2020	25360
Marius	Warbys	59 Redwing Avenue	65	06-06-2020	29876
Rube	Moralee	29 Spenser Hill	66	3/26/2020	26336
Mikel	Rankling	2901 American Ash Road	67	12/29/2019	22213
Noam	Deelay	9 Browning Court	68	07-04-2020	29543
Thedric	Firbank	755 Ramsey Terrace	69	12-01-2019	21349
Gibbie	Purcell	875 Harper Plaza	70	04-03-2020	26970
Hagen	Maris	7864 Hoepker Crossing	71	5/27/2020	24699
Sylvan	Espinel	0 Bellgrove Circle	72	11/27/2019	26498
Rube	Moralee	29 Spenser Hill	73	06-05-2020	27045
Hagen	Maris	7864 Hoepker Crossing	74	4/17/2020	28627
Robert	Stout	6340 Chive Park	75	8/23/2020	24106
Odell	Wakley	52 Orin Avenue	76	11-12-2020	24647
Gibbie	Purcell	875 Harper Plaza	77	12/28/2019	27632
Timothy	Southon	79507 Scott Court	78	6/28/2020	20464
Rube	Moralee	29 Spenser Hill	79	10-11-2020	23786
Had	Maffioletti	19 Dryden Hill	80	5/30/2020	21797
Merrick	Wymer	053 Pankratz Trail	81	10/20/2020	20086
Marius	Warbys	59 Redwing Avenue	82	08-04-2020	23108
Timothy	Southon	79507 Scott Court	83	3/19/2020	23875
Hagen	Maris	7864 Hoepker Crossing	84	4/22/2020	25851
Timothy	Southon	79507 Scott Court	85	8/13/2020	26844
Gibbie	Purcell	875 Harper Plaza	86	12-05-2019	27064
Vale	Bodega	35 Fisk Alley	87	01-03-2020	21014
Wakefield	Seivwright	421 Norway Maple Parkway	88	12-04-2019	21918
Stan	Ivel	1 Maple Place	89	5/27/2020	26883
Rube	Moralee	29 Spenser Hill	90	09-07-2020	29272
Lindy	Hackey	9885 1st Lane	91	12/20/2019	21107
Leon	Coales	546 Darwin Park	92	7/26/2020	20162
Paddy	Scamwell	807 Maywood Place	93	6/18/2020	20175
Thedric	Firbank	755 Ramsey Terrace	94	01-07-2020	29642
Vale	Bodega	35 Fisk Alley	95	12-04-2019	26677
Trev	Stanyer	8 Fairfield Crossing	96	12/29/2019	23763
Nevins	Taplin	2378 Corben Hill	97	4/30/2020	29810
Gibbie	Purcell	875 Harper Plaza	98	12/31/2019	27118
Sylvan	Espinel	0 Bellgrove Circle	99	02-12-2020	23806
Nevins	Taplin	2378 Corben Hill	100	06-01-2020	25443
Vale	Bodega	35 Fisk Alley	101	7/30/2020	23755
Winthrop	Lantaph	92172 Stoughton Court	102	6/16/2020	29312
Nial	Rentcome	08928 Sunfield Plaza	103	6/20/2020	29284
Mikel	Rankling	2901 American Ash Road	104	06-04-2020	26938
Nevins	Taplin	2378 Corben Hill	105	8/22/2020	24110
Trev	Stanyer	8 Fairfield Crossing	106	01-07-2020	26462
Mikel	Rankling	2901 American Ash Road	107	02-10-2020	25151
Marcos	Perrin	223 Paget Road	108	09-12-2020	29947
Thedric	Firbank	755 Ramsey Terrace	109	1/15/2020	22148
Stan	Ivel	1 Maple Place	110	9/24/2020	24300
Robert	Stout	6340 Chive Park	111	12/31/2019	22537
Odell	Wakley	52 Orin Avenue	112	7/20/2020	21973
Hagen	Maris	7864 Hoepker Crossing	113	7/21/2020	26664
Nial	Rentcome	08928 Sunfield Plaza	114	12/14/2019	24102
Winthrop	Lantaph	92172 Stoughton Court	115	03-10-2020	24295
Rube	Moralee	29 Spenser Hill	116	11/16/2019	24412
Shelton	Reddings	78147 Hayes Park	117	6/17/2020	27003
Shelton	Reddings	78147 Hayes Park	118	7/29/2020	27019
Vale	Bodega	35 Fisk Alley	119	4/27/2020	25526
Noam	Deelay	9 Browning Court	120	2/17/2020	20686
Mikel	Rankling	2901 American Ash Road	121	11-12-2020	28390
Glenn	Leport	8 Tomscot Place	122	2/19/2020	24840
Gerrie	Barr	477 Havey Hill	123	11/16/2019	27311
Marcos	Perrin	223 Paget Road	124	6/17/2020	21458
Gibbie	Purcell	875 Harper Plaza	125	07-12-2020	21202
Marcos	Perrin	223 Paget Road	126	10-07-2020	24396
Hagen	Maris	7864 Hoepker Crossing	127	04-10-2020	22378
Rube	Moralee	29 Spenser Hill	128	04-10-2020	27379
Trev	Stanyer	8 Fairfield Crossing	129	5/29/2020	23494
Martainn	Couch	167 Calypso Terrace	130	07-09-2020	23487
Timothy	Southon	79507 Scott Court	131	2/13/2020	26922
Paddy	Scamwell	807 Maywood Place	132	04-07-2020	26059
Nial	Rentcome	08928 Sunfield Plaza	133	2/15/2020	29874
Odell	Wakley	52 Orin Avenue	134	6/29/2020	23351
Any	Rowen	466 Delladonna Pass	135	9/20/2020	24564
Merrick	Wymer	053 Pankratz Trail	136	4/16/2020	20230
Winthrop	Lantaph	92172 Stoughton Court	137	7/16/2020	25364
Marius	Warbys	59 Redwing Avenue	138	11-10-2020	25238
Nial	Rentcome	08928 Sunfield Plaza	139	02-05-2020	20300
Gibbie	Purcell	875 Harper Plaza	140	8/31/2020	25669
Any	Rowen	466 Delladonna Pass	141	2/19/2020	27951
Sylvan	Espinel	0 Bellgrove Circle	142	6/15/2020	24200
Mikel	Rankling	2901 American Ash Road	143	10/29/2020	20556
Leon	Coales	546 Darwin Park	144	7/24/2020	25351
Glenn	Leport	8 Tomscot Place	145	10/15/2020	27543
Hagen	Maris	7864 Hoepker Crossing	146	10-10-2020	23659
Winthrop	Lantaph	92172 Stoughton Court	147	4/25/2020	26316
Thedric	Firbank	755 Ramsey Terrace	148	5/18/2020	22822
Nevins	Taplin	2378 Corben Hill	149	01-08-2020	25006
Paddy	Scamwell	807 Maywood Place	150	5/17/2020	21309
Franklin	Skouling	65288 Anniversary Street	151	5/20/2020	24297
Martainn	Couch	167 Calypso Terrace	152	2/24/2020	20270
Odell	Wakley	52 Orin Avenue	153	06-08-2020	29551
Nevins	Taplin	2378 Corben Hill	154	6/24/2020	27159
Trev	Stanyer	8 Fairfield Crossing	155	06-08-2020	29494
Vale	Bodega	35 Fisk Alley	156	5/29/2020	20711
Nial	Rentcome	08928 Sunfield Plaza	157	11/16/2019	20396
Sylvan	Espinel	0 Bellgrove Circle	158	02-07-2020	23762
Any	Rowen	466 Delladonna Pass	159	5/18/2020	24721
Leon	Coales	546 Darwin Park	160	07-11-2020	23886
Odell	Wakley	52 Orin Avenue	161	06-11-2020	20527
Wakefield	Seivwright	421 Norway Maple Parkway	162	8/23/2020	26237
Vale	Bodega	35 Fisk Alley	163	12-10-2019	24831
Robert	Stout	6340 Chive Park	164	10-12-2020	23583
Lindy	Hackey	9885 1st Lane	165	3/24/2020	24388
Merrick	Wymer	053 Pankratz Trail	166	2/26/2020	23114
Rube	Moralee	29 Spenser Hill	167	06-01-2020	27299
Gibbie	Purcell	875 Harper Plaza	168	6/16/2020	20083
Winthrop	Lantaph	92172 Stoughton Court	169	3/30/2020	26618
Lindy	Hackey	9885 1st Lane	170	02-02-2020	20821
Rube	Moralee	29 Spenser Hill	171	7/23/2020	24134
Merrick	Wymer	053 Pankratz Trail	172	11-04-2020	24916
Noam	Deelay	9 Browning Court	173	06-02-2020	25852
Franklin	Skouling	65288 Anniversary Street	174	11-01-2020	20748
Glenn	Leport	8 Tomscot Place	175	8/29/2020	25663
Leon	Coales	546 Darwin Park	176	7/31/2020	24463
Mikel	Rankling	2901 American Ash Road	177	09-02-2020	23514
Vale	Bodega	35 Fisk Alley	178	12-08-2019	20972
Mikel	Rankling	2901 American Ash Road	179	07-12-2020	27273
Martainn	Couch	167 Calypso Terrace	180	06-08-2020	29361
Glenn	Leport	8 Tomscot Place	181	9/30/2020	27071
Lindy	Hackey	9885 1st Lane	182	11-02-2020	27136
Had	Maffioletti	19 Dryden Hill	183	12/22/2019	25564
Marius	Warbys	59 Redwing Avenue	184	3/17/2020	29427
Marcos	Perrin	223 Paget Road	185	02-09-2020	26403
Noam	Deelay	9 Browning Court	186	06-09-2020	28677
Hagen	Maris	7864 Hoepker Crossing	187	09-10-2020	29449
Robert	Stout	6340 Chive Park	188	5/28/2020	22615
Timothy	Southon	79507 Scott Court	189	4/21/2020	29175
Sylvan	Espinel	0 Bellgrove Circle	190	11/29/2019	26405
Glenn	Leport	8 Tomscot Place	191	12/14/2019	29852
Noam	Deelay	9 Browning Court	192	5/16/2020	23897
Franklin	Skouling	65288 Anniversary Street	193	11-08-2020	25125
Leon	Coales	546 Darwin Park	194	11-10-2020	29263
Robert	Stout	6340 Chive Park	195	04-04-2020	27396
Wakefield	Seivwright	421 Norway Maple Parkway	196	06-09-2020	25951
Robert	Stout	6340 Chive Park	197	3/28/2020	20610
Nevins	Taplin	2378 Corben Hill	198	07-11-2020	29390
Shelton	Reddings	78147 Hayes Park	199	03-06-2020	20701
Gibbie	Purcell	875 Harper Plaza	200	3/16/2020	22664
Gibbie	Purcell	875 Harper Plaza	201	4/28/2020	26583
Martainn	Couch	167 Calypso Terrace	202	11-04-2020	28024
Sylvan	Espinel	0 Bellgrove Circle	203	6/14/2020	25512
Rube	Moralee	29 Spenser Hill	204	06-06-2020	20446
Paddy	Scamwell	807 Maywood Place	205	03-10-2020	22519
Merrick	Wymer	053 Pankratz Trail	206	10-07-2020	23434
Paddy	Scamwell	807 Maywood Place	207	11-11-2020	26859
Odell	Wakley	52 Orin Avenue	208	08-09-2020	23292
Trev	Stanyer	8 Fairfield Crossing	209	2/15/2020	22175
Wakefield	Seivwright	421 Norway Maple Parkway	210	8/17/2020	28370
Marcos	Perrin	223 Paget Road	211	08-02-2020	21248
Lindy	Hackey	9885 1st Lane	212	08-01-2020	26621
Merrick	Wymer	053 Pankratz Trail	213	01-11-2020	25237
Merrick	Wymer	053 Pankratz Trail	214	06-10-2020	20900
Thedric	Firbank	755 Ramsey Terrace	215	04-01-2020	27630
Rube	Moralee	29 Spenser Hill	216	04-10-2020	21771
Stan	Ivel	1 Maple Place	217	07-06-2020	22202
Sylvan	Espinel	0 Bellgrove Circle	218	11/16/2019	25094
Leon	Coales	546 Darwin Park	219	01-07-2020	20488
Shelton	Reddings	78147 Hayes Park	220	3/16/2020	20970
Stan	Ivel	1 Maple Place	221	3/26/2020	20837
Rube	Moralee	29 Spenser Hill	222	7/18/2020	29741
Shelton	Reddings	78147 Hayes Park	223	5/20/2020	26289
Odell	Wakley	52 Orin Avenue	224	11/20/2019	29391
Had	Maffioletti	19 Dryden Hill	225	6/20/2020	29786
Leon	Coales	546 Darwin Park	226	7/29/2020	29944
Trev	Stanyer	8 Fairfield Crossing	227	06-03-2020	21882
Stan	Ivel	1 Maple Place	228	04-12-2020	25669
Any	Rowen	466 Delladonna Pass	229	7/19/2020	23615
Hagen	Maris	7864 Hoepker Crossing	230	11/24/2019	20457
Marcos	Perrin	223 Paget Road	231	08-07-2020	29880
Timothy	Southon	79507 Scott Court	232	2/16/2020	21709
Winthrop	Lantaph	92172 Stoughton Court	233	1/29/2020	21152
Hagen	Maris	7864 Hoepker Crossing	234	7/20/2020	28624
Odell	Wakley	52 Orin Avenue	235	01-11-2020	22874
Gerrie	Barr	477 Havey Hill	236	9/15/2020	22054
Vale	Bodega	35 Fisk Alley	238	05-07-2020	26425
Vale	Bodega	35 Fisk Alley	239	5/29/2020	27971
Timothy	Southon	79507 Scott Court	240	4/20/2020	26211
Martainn	Couch	167 Calypso Terrace	241	8/19/2020	26955
Martainn	Couch	167 Calypso Terrace	242	5/14/2020	27717
Trev	Stanyer	8 Fairfield Crossing	243	4/30/2020	26512
Lindy	Hackey	9885 1st Lane	244	2/14/2020	25196
Franklin	Skouling	65288 Anniversary Street	245	7/30/2020	24056
Hagen	Maris	7864 Hoepker Crossing	246	3/22/2020	23153
Merrick	Wymer	053 Pankratz Trail	247	8/21/2020	25784
Paddy	Scamwell	807 Maywood Place	248	5/26/2020	22868
Merrick	Wymer	053 Pankratz Trail	249	01-10-2020	24102
Merrick	Wymer	053 Pankratz Trail	251	4/27/2020	21484
Noam	Deelay	9 Browning Court	252	7/17/2020	20439
Martainn	Couch	167 Calypso Terrace	253	05-12-2020	20081
Stan	Ivel	1 Maple Place	254	06-11-2020	24537
Vale	Bodega	35 Fisk Alley	255	6/19/2020	22788
Timothy	Southon	79507 Scott Court	256	6/13/2020	25896
Shelton	Reddings	78147 Hayes Park	257	09-02-2020	23828
Gibbie	Purcell	875 Harper Plaza	258	02-05-2020	23816
Gerrie	Barr	477 Havey Hill	259	3/24/2020	22829
Gerrie	Barr	477 Havey Hill	260	7/20/2020	28188
Marius	Warbys	59 Redwing Avenue	261	02-09-2020	28221
Any	Rowen	466 Delladonna Pass	262	06-08-2020	24237
Paddy	Scamwell	807 Maywood Place	263	10-02-2020	20126
Paddy	Scamwell	807 Maywood Place	264	02-10-2020	27701
Merrick	Wymer	053 Pankratz Trail	265	06-07-2020	27114
Lindy	Hackey	9885 1st Lane	266	7/14/2020	25310
Mikel	Rankling	2901 American Ash Road	267	10/31/2020	20469
Thedric	Firbank	755 Ramsey Terrace	268	6/21/2020	22058
Sylvan	Espinel	0 Bellgrove Circle	269	8/18/2020	28963
Gibbie	Purcell	875 Harper Plaza	270	07-05-2020	25561
Had	Maffioletti	19 Dryden Hill	271	4/17/2020	23714
Hagen	Maris	7864 Hoepker Crossing	272	11/27/2019	27312
Winthrop	Lantaph	92172 Stoughton Court	273	07-06-2020	24388
Rube	Moralee	29 Spenser Hill	274	6/24/2020	23302
Trev	Stanyer	8 Fairfield Crossing	275	3/16/2020	23585
Thedric	Firbank	755 Ramsey Terrace	276	12/15/2019	25087
Vale	Bodega	35 Fisk Alley	277	1/15/2020	27126
Shelton	Reddings	78147 Hayes Park	278	12/22/2019	24971
Gibbie	Purcell	875 Harper Plaza	279	1/26/2020	20644
Martainn	Couch	167 Calypso Terrace	280	1/23/2020	21664
Stan	Ivel	1 Maple Place	282	9/17/2020	26405
Robert	Stout	6340 Chive Park	283	03-04-2020	22469
Vale	Bodega	35 Fisk Alley	284	04-04-2020	21818
Paddy	Scamwell	807 Maywood Place	285	6/20/2020	27660
Thedric	Firbank	755 Ramsey Terrace	286	11-10-2020	22898
Nevins	Taplin	2378 Corben Hill	287	9/14/2020	27398
Vale	Bodega	35 Fisk Alley	288	2/20/2020	20524
Gibbie	Purcell	875 Harper Plaza	289	01-05-2020	25086
Had	Maffioletti	19 Dryden Hill	291	1/28/2020	20873
Timothy	Southon	79507 Scott Court	292	07-04-2020	23898
Leon	Coales	546 Darwin Park	293	5/15/2020	23918
Rube	Moralee	29 Spenser Hill	294	4/17/2020	21608
Trev	Stanyer	8 Fairfield Crossing	295	06-11-2020	21012
Paddy	Scamwell	807 Maywood Place	296	08-04-2020	26062
Sylvan	Espinel	0 Bellgrove Circle	297	02-05-2020	26187
Trev	Stanyer	8 Fairfield Crossing	298	4/19/2020	20788
Nial	Rentcome	08928 Sunfield Plaza	299	6/21/2020	20281
Rube	Moralee	29 Spenser Hill	300	11/16/2019	29947
Stan	Ivel	1 Maple Place	301	10/16/2020	28787
Robert	Stout	6340 Chive Park	302	8/17/2020	21780
Stan	Ivel	1 Maple Place	303	12/17/2019	22063
Martainn	Couch	167 Calypso Terrace	304	2/17/2020	20753
Any	Rowen	466 Delladonna Pass	305	12/20/2019	22026
Merrick	Wymer	053 Pankratz Trail	306	5/30/2020	27356
Nevins	Taplin	2378 Corben Hill	308	07-01-2020	20356
Gibbie	Purcell	875 Harper Plaza	309	8/26/2020	28580
Had	Maffioletti	19 Dryden Hill	310	06-02-2020	22734
Marcos	Perrin	223 Paget Road	311	12/16/2019	21064
Thedric	Firbank	755 Ramsey Terrace	312	05-11-2020	23284
Martainn	Couch	167 Calypso Terrace	313	12-08-2019	23654
Trev	Stanyer	8 Fairfield Crossing	314	11/26/2019	26044
Trev	Stanyer	8 Fairfield Crossing	315	7/19/2020	27686
Sylvan	Espinel	0 Bellgrove Circle	316	3/28/2020	25354
Gerrie	Barr	477 Havey Hill	317	4/29/2020	25567
Vale	Bodega	35 Fisk Alley	318	12/14/2019	26975
Shelton	Reddings	78147 Hayes Park	319	10-06-2020	26921
Had	Maffioletti	19 Dryden Hill	320	7/23/2020	21882
Leon	Coales	546 Darwin Park	321	3/16/2020	22213
Martainn	Couch	167 Calypso Terrace	322	11-10-2020	26759
Gibbie	Purcell	875 Harper Plaza	323	8/13/2020	26478
Had	Maffioletti	19 Dryden Hill	324	12/25/2019	27448
Had	Maffioletti	19 Dryden Hill	325	09-09-2020	21802
Trev	Stanyer	8 Fairfield Crossing	326	01-12-2020	27571
Merrick	Wymer	053 Pankratz Trail	327	11-03-2020	28720
Martainn	Couch	167 Calypso Terrace	328	04-12-2020	29184
Marcos	Perrin	223 Paget Road	329	02-05-2020	22410
Shelton	Reddings	78147 Hayes Park	330	9/17/2020	24654
Hagen	Maris	7864 Hoepker Crossing	331	01-09-2020	28488
Nevins	Taplin	2378 Corben Hill	332	10/30/2020	20857
Rube	Moralee	29 Spenser Hill	333	3/28/2020	26066
Gerrie	Barr	477 Havey Hill	334	02-03-2020	27454
Paddy	Scamwell	807 Maywood Place	335	05-10-2020	23565
Noam	Deelay	9 Browning Court	336	10/28/2020	22166
Leon	Coales	546 Darwin Park	337	08-02-2020	28472
Leon	Coales	546 Darwin Park	338	10/30/2020	21911
Glenn	Leport	8 Tomscot Place	339	05-03-2020	23440
Mikel	Rankling	2901 American Ash Road	340	11-08-2020	24763
Glenn	Leport	8 Tomscot Place	341	11-10-2020	20613
Winthrop	Lantaph	92172 Stoughton Court	342	7/13/2020	20913
Noam	Deelay	9 Browning Court	343	4/16/2020	22237
Paddy	Scamwell	807 Maywood Place	344	4/26/2020	26182
Rube	Moralee	29 Spenser Hill	345	01-11-2020	20471
Had	Maffioletti	19 Dryden Hill	346	12/14/2019	26768
Hagen	Maris	7864 Hoepker Crossing	347	1/18/2020	25284
Martainn	Couch	167 Calypso Terrace	348	8/25/2020	27800
Winthrop	Lantaph	92172 Stoughton Court	349	12/22/2019	21847
Glenn	Leport	8 Tomscot Place	350	1/14/2020	25139
Rube	Moralee	29 Spenser Hill	351	08-07-2020	23962
Had	Maffioletti	19 Dryden Hill	352	06-03-2020	28923
Noam	Deelay	9 Browning Court	353	12/23/2019	23828
Stan	Ivel	1 Maple Place	354	4/29/2020	27679
Had	Maffioletti	19 Dryden Hill	355	12/29/2019	24596
Any	Rowen	466 Delladonna Pass	356	02-10-2020	25356
Odell	Wakley	52 Orin Avenue	357	9/19/2020	22774
Shelton	Reddings	78147 Hayes Park	358	2/17/2020	29936
Mikel	Rankling	2901 American Ash Road	359	11-08-2020	22213
Wakefield	Seivwright	421 Norway Maple Parkway	360	06-08-2020	22827
Marius	Warbys	59 Redwing Avenue	361	02-07-2020	24427
Nial	Rentcome	08928 Sunfield Plaza	362	7/21/2020	21796
Merrick	Wymer	053 Pankratz Trail	363	04-11-2020	27799
Had	Maffioletti	19 Dryden Hill	364	02-10-2020	20932
Stan	Ivel	1 Maple Place	365	3/23/2020	22900
Any	Rowen	466 Delladonna Pass	366	6/14/2020	27251
Gerrie	Barr	477 Havey Hill	367	1/17/2020	28399
Odell	Wakley	52 Orin Avenue	368	3/19/2020	20269
Vale	Bodega	35 Fisk Alley	369	9/16/2020	24144
Nial	Rentcome	08928 Sunfield Plaza	370	7/30/2020	23953
Sylvan	Espinel	0 Bellgrove Circle	371	2/22/2020	20326
Trev	Stanyer	8 Fairfield Crossing	372	10-06-2020	23180
Nevins	Taplin	2378 Corben Hill	373	02-11-2020	27405
Had	Maffioletti	19 Dryden Hill	374	6/28/2020	28501
Nevins	Taplin	2378 Corben Hill	375	4/13/2020	22666
Sylvan	Espinel	0 Bellgrove Circle	376	10/13/2020	27918
Paddy	Scamwell	807 Maywood Place	377	09-03-2020	25229
Thedric	Firbank	755 Ramsey Terrace	378	8/25/2020	29152
Mikel	Rankling	2901 American Ash Road	379	3/26/2020	26207
Franklin	Skouling	65288 Anniversary Street	380	3/24/2020	25769
Marius	Warbys	59 Redwing Avenue	381	12/20/2019	23706
Martainn	Couch	167 Calypso Terrace	382	11/26/2019	22292
Nevins	Taplin	2378 Corben Hill	383	10/17/2020	20449
Glenn	Leport	8 Tomscot Place	384	1/17/2020	21528
Stan	Ivel	1 Maple Place	385	1/30/2020	28423
Gerrie	Barr	477 Havey Hill	386	01-06-2020	29136
Nevins	Taplin	2378 Corben Hill	387	01-08-2020	27454
Trev	Stanyer	8 Fairfield Crossing	388	3/16/2020	23666
Paddy	Scamwell	807 Maywood Place	389	3/20/2020	24256
Noam	Deelay	9 Browning Court	390	11/20/2019	27335
Glenn	Leport	8 Tomscot Place	391	10/16/2020	25582
Gibbie	Purcell	875 Harper Plaza	392	6/13/2020	28062
Lindy	Hackey	9885 1st Lane	394	3/21/2020	24041
Nevins	Taplin	2378 Corben Hill	395	11/22/2019	23199
Wakefield	Seivwright	421 Norway Maple Parkway	396	02-11-2020	24142
Winthrop	Lantaph	92172 Stoughton Court	397	08-06-2020	25711
Martainn	Couch	167 Calypso Terrace	398	8/24/2020	24918
Trev	Stanyer	8 Fairfield Crossing	399	12/15/2019	27573
Lindy	Hackey	9885 1st Lane	400	03-06-2020	27517
Sylvan	Espinel	0 Bellgrove Circle	401	6/29/2020	22255
Vale	Bodega	35 Fisk Alley	402	1/14/2020	28405
Odell	Wakley	52 Orin Avenue	403	10/27/2020	22250
Leon	Coales	546 Darwin Park	404	10/23/2020	23169
Hagen	Maris	7864 Hoepker Crossing	405	05-02-2020	29966
Thedric	Firbank	755 Ramsey Terrace	406	02-05-2020	20706
Robert	Stout	6340 Chive Park	407	05-11-2020	20143
Gerrie	Barr	477 Havey Hill	408	2/18/2020	26367
Marcos	Perrin	223 Paget Road	409	9/24/2020	27046
Wakefield	Seivwright	421 Norway Maple Parkway	410	3/22/2020	21114
Thedric	Firbank	755 Ramsey Terrace	411	7/31/2020	24184
Timothy	Southon	79507 Scott Court	412	09-10-2020	27130
Martainn	Couch	167 Calypso Terrace	413	5/15/2020	27261
Stan	Ivel	1 Maple Place	414	6/26/2020	27040
Merrick	Wymer	053 Pankratz Trail	415	8/21/2020	29910
Had	Maffioletti	19 Dryden Hill	416	9/24/2020	20450
Glenn	Leport	8 Tomscot Place	417	11/24/2019	28450
Hagen	Maris	7864 Hoepker Crossing	418	06-08-2020	28483
Thedric	Firbank	755 Ramsey Terrace	419	07-09-2020	28600
Gibbie	Purcell	875 Harper Plaza	420	09-11-2020	26337
Hagen	Maris	7864 Hoepker Crossing	421	07-04-2020	27430
Glenn	Leport	8 Tomscot Place	422	12-12-2019	24893
Rube	Moralee	29 Spenser Hill	423	8/31/2020	24975
Nial	Rentcome	08928 Sunfield Plaza	424	3/20/2020	21403
Martainn	Couch	167 Calypso Terrace	425	2/15/2020	29640
Stan	Ivel	1 Maple Place	426	03-07-2020	29928
Glenn	Leport	8 Tomscot Place	427	05-10-2020	24492
Robert	Stout	6340 Chive Park	428	1/15/2020	21955
Nevins	Taplin	2378 Corben Hill	430	5/22/2020	21966
Leon	Coales	546 Darwin Park	431	7/15/2020	21082
Shelton	Reddings	78147 Hayes Park	432	06-08-2020	23872
Merrick	Wymer	053 Pankratz Trail	433	3/14/2020	29773
Hagen	Maris	7864 Hoepker Crossing	434	03-12-2020	23791
Franklin	Skouling	65288 Anniversary Street	435	1/19/2020	20509
Mikel	Rankling	2901 American Ash Road	436	8/19/2020	29342
Sylvan	Espinel	0 Bellgrove Circle	437	3/16/2020	24284
Merrick	Wymer	053 Pankratz Trail	438	11/18/2019	21904
Leon	Coales	546 Darwin Park	439	10/31/2020	25439
Odell	Wakley	52 Orin Avenue	440	5/28/2020	25083
Rube	Moralee	29 Spenser Hill	441	6/20/2020	27544
Martainn	Couch	167 Calypso Terrace	442	04-02-2020	27472
Any	Rowen	466 Delladonna Pass	443	1/21/2020	27632
Robert	Stout	6340 Chive Park	444	9/19/2020	27564
Any	Rowen	466 Delladonna Pass	445	07-10-2020	29173
Winthrop	Lantaph	92172 Stoughton Court	446	9/24/2020	22424
Marcos	Perrin	223 Paget Road	447	12/15/2019	27797
Nial	Rentcome	08928 Sunfield Plaza	448	04-01-2020	25829
Paddy	Scamwell	807 Maywood Place	449	9/23/2020	27428
Trev	Stanyer	8 Fairfield Crossing	450	04-11-2020	20495
Noam	Deelay	9 Browning Court	451	5/22/2020	21048
Stan	Ivel	1 Maple Place	452	8/19/2020	26368
Had	Maffioletti	19 Dryden Hill	453	01-08-2020	23276
Vale	Bodega	35 Fisk Alley	454	4/21/2020	20606
Nial	Rentcome	08928 Sunfield Plaza	455	12/14/2019	20697
Marius	Warbys	59 Redwing Avenue	457	11/15/2020	22106
Shelton	Reddings	78147 Hayes Park	458	12-09-2019	20152
Nevins	Taplin	2378 Corben Hill	459	5/19/2020	23492
Stan	Ivel	1 Maple Place	460	04-09-2020	20441
Trev	Stanyer	8 Fairfield Crossing	461	12-01-2019	23203
Gerrie	Barr	477 Havey Hill	462	4/25/2020	21510
Martainn	Couch	167 Calypso Terrace	463	9/25/2020	21040
Nial	Rentcome	08928 Sunfield Plaza	464	12/26/2019	24098
Any	Rowen	466 Delladonna Pass	465	5/30/2020	29096
Nevins	Taplin	2378 Corben Hill	466	03-06-2020	29615
Paddy	Scamwell	807 Maywood Place	467	11/28/2019	26512
Robert	Stout	6340 Chive Park	468	5/14/2020	24628
Thedric	Firbank	755 Ramsey Terrace	469	4/15/2020	27924
Gibbie	Purcell	875 Harper Plaza	470	6/16/2020	23146
Robert	Stout	6340 Chive Park	471	11-02-2020	27345
Paddy	Scamwell	807 Maywood Place	472	04-03-2020	21706
Leon	Coales	546 Darwin Park	473	08-01-2020	24340
Mikel	Rankling	2901 American Ash Road	474	06-06-2020	21471
Paddy	Scamwell	807 Maywood Place	475	5/20/2020	22426
Thedric	Firbank	755 Ramsey Terrace	476	12/26/2019	20087
Timothy	Southon	79507 Scott Court	477	3/21/2020	25107
Leon	Coales	546 Darwin Park	478	3/14/2020	29482
Gibbie	Purcell	875 Harper Plaza	479	10-03-2020	28420
Marcos	Perrin	223 Paget Road	480	9/23/2020	28171
Timothy	Southon	79507 Scott Court	481	8/21/2020	27878
Wakefield	Seivwright	421 Norway Maple Parkway	482	08-12-2020	20432
Glenn	Leport	8 Tomscot Place	483	9/26/2020	27529
Marius	Warbys	59 Redwing Avenue	484	7/15/2020	28901
Shelton	Reddings	78147 Hayes Park	485	11/28/2019	21605
Sylvan	Espinel	0 Bellgrove Circle	486	11/22/2019	25272
Lindy	Hackey	9885 1st Lane	487	03-07-2020	24937
Marcos	Perrin	223 Paget Road	488	01-05-2020	28258
Had	Maffioletti	19 Dryden Hill	489	5/20/2020	27982
Had	Maffioletti	19 Dryden Hill	490	10-03-2020	20691
Marcos	Perrin	223 Paget Road	491	12/26/2019	29470
Nevins	Taplin	2378 Corben Hill	492	3/25/2020	28465
Glenn	Leport	8 Tomscot Place	493	4/26/2020	23328
Noam	Deelay	9 Browning Court	494	9/17/2020	22941
Nial	Rentcome	08928 Sunfield Plaza	495	3/19/2020	24045
Marius	Warbys	59 Redwing Avenue	497	10/18/2020	22491
Noam	Deelay	9 Browning Court	498	8/30/2020	20201
Shelton	Reddings	78147 Hayes Park	499	04-10-2020	26666
Nevins	Taplin	2378 Corben Hill	500	1/29/2020	21868
Martainn	Couch	167 Calypso Terrace	501	4/21/2020	26102
Paddy	Scamwell	807 Maywood Place	502	12/16/2019	20230
Had	Maffioletti	19 Dryden Hill	503	11-04-2020	24319
Thedric	Firbank	755 Ramsey Terrace	504	6/19/2020	24179
Vale	Bodega	35 Fisk Alley	505	01-02-2020	23008
Nial	Rentcome	08928 Sunfield Plaza	506	2/18/2020	26292
Gibbie	Purcell	875 Harper Plaza	507	09-09-2020	27589
Noam	Deelay	9 Browning Court	508	10-06-2020	22703
Nevins	Taplin	2378 Corben Hill	509	03-11-2020	22891
Rube	Moralee	29 Spenser Hill	510	9/15/2020	25006
Winthrop	Lantaph	92172 Stoughton Court	511	2/18/2020	25012
Odell	Wakley	52 Orin Avenue	512	6/17/2020	20382
Nevins	Taplin	2378 Corben Hill	513	05-04-2020	21264
Thedric	Firbank	755 Ramsey Terrace	514	12-08-2019	24319
Odell	Wakley	52 Orin Avenue	515	11/24/2019	24694
Leon	Coales	546 Darwin Park	516	9/30/2020	28196
Odell	Wakley	52 Orin Avenue	517	6/22/2020	21538
Rube	Moralee	29 Spenser Hill	518	2/27/2020	28708
Franklin	Skouling	65288 Anniversary Street	519	12/19/2019	26525
Winthrop	Lantaph	92172 Stoughton Court	520	01-08-2020	20835
Merrick	Wymer	053 Pankratz Trail	521	7/19/2020	26832
Leon	Coales	546 Darwin Park	522	6/17/2020	28993
Vale	Bodega	35 Fisk Alley	523	12-12-2019	29502
Sylvan	Espinel	0 Bellgrove Circle	524	10-02-2020	20945
Timothy	Southon	79507 Scott Court	525	2/15/2020	28860
Vale	Bodega	35 Fisk Alley	526	11-04-2020	23441
Franklin	Skouling	65288 Anniversary Street	527	1/24/2020	25520
Thedric	Firbank	755 Ramsey Terrace	528	4/15/2020	27516
Any	Rowen	466 Delladonna Pass	529	11/30/2019	21088
Marcos	Perrin	223 Paget Road	530	05-03-2020	27536
Rube	Moralee	29 Spenser Hill	531	3/29/2020	28207
Robert	Stout	6340 Chive Park	532	08-02-2020	26863
Martainn	Couch	167 Calypso Terrace	533	7/28/2020	24039
Franklin	Skouling	65288 Anniversary Street	534	01-02-2020	24436
Gerrie	Barr	477 Havey Hill	535	9/23/2020	23291
Martainn	Couch	167 Calypso Terrace	536	03-05-2020	23049
Sylvan	Espinel	0 Bellgrove Circle	537	3/31/2020	29058
Mikel	Rankling	2901 American Ash Road	538	03-01-2020	23862
Timothy	Southon	79507 Scott Court	539	4/26/2020	20428
Any	Rowen	466 Delladonna Pass	540	3/19/2020	22929
Odell	Wakley	52 Orin Avenue	541	2/19/2020	26599
Mikel	Rankling	2901 American Ash Road	542	9/22/2020	27963
Vale	Bodega	35 Fisk Alley	543	05-07-2020	27109
Gibbie	Purcell	875 Harper Plaza	544	5/28/2020	24155
Hagen	Maris	7864 Hoepker Crossing	545	4/25/2020	28500
Gerrie	Barr	477 Havey Hill	546	05-01-2020	29020
Odell	Wakley	52 Orin Avenue	547	11/13/2020	28120
Nial	Rentcome	08928 Sunfield Plaza	548	6/30/2020	23182
Sylvan	Espinel	0 Bellgrove Circle	549	04-11-2020	24367
Trev	Stanyer	8 Fairfield Crossing	550	02-11-2020	22575
Paddy	Scamwell	807 Maywood Place	551	12-06-2019	22242
Noam	Deelay	9 Browning Court	552	1/18/2020	29015
Marius	Warbys	59 Redwing Avenue	553	08-05-2020	22465
Mikel	Rankling	2901 American Ash Road	554	12/14/2019	28897
Marius	Warbys	59 Redwing Avenue	555	9/28/2020	22656
Lindy	Hackey	9885 1st Lane	556	11/15/2020	20830
Thedric	Firbank	755 Ramsey Terrace	557	7/19/2020	23076
Trev	Stanyer	8 Fairfield Crossing	558	08-06-2020	22777
Lindy	Hackey	9885 1st Lane	559	10-02-2020	25100
Franklin	Skouling	65288 Anniversary Street	560	5/15/2020	25375
Odell	Wakley	52 Orin Avenue	561	9/14/2020	20528
Shelton	Reddings	78147 Hayes Park	562	3/18/2020	29334
Leon	Coales	546 Darwin Park	563	10/16/2020	25918
Noam	Deelay	9 Browning Court	564	9/21/2020	21602
Paddy	Scamwell	807 Maywood Place	565	2/21/2020	26788
Any	Rowen	466 Delladonna Pass	566	7/15/2020	26239
Leon	Coales	546 Darwin Park	567	12-05-2019	25650
Sylvan	Espinel	0 Bellgrove Circle	568	5/20/2020	26601
Merrick	Wymer	053 Pankratz Trail	569	6/19/2020	27582
Timothy	Southon	79507 Scott Court	570	04-09-2020	27515
Noam	Deelay	9 Browning Court	571	11/29/2019	23858
Hagen	Maris	7864 Hoepker Crossing	572	1/15/2020	26520
Paddy	Scamwell	807 Maywood Place	573	3/25/2020	23944
Timothy	Southon	79507 Scott Court	574	12/24/2019	29381
Vale	Bodega	35 Fisk Alley	575	1/31/2020	28770
Noam	Deelay	9 Browning Court	576	12/26/2019	28074
Vale	Bodega	35 Fisk Alley	577	5/23/2020	21341
Wakefield	Seivwright	421 Norway Maple Parkway	578	10-12-2020	28239
Marius	Warbys	59 Redwing Avenue	579	10-08-2020	27329
Stan	Ivel	1 Maple Place	580	1/15/2020	22942
Lindy	Hackey	9885 1st Lane	581	10-02-2020	24401
Robert	Stout	6340 Chive Park	582	03-03-2020	23361
Marius	Warbys	59 Redwing Avenue	583	09-05-2020	22516
Noam	Deelay	9 Browning Court	584	8/30/2020	20205
Odell	Wakley	52 Orin Avenue	585	06-07-2020	28394
Wakefield	Seivwright	421 Norway Maple Parkway	586	12/13/2019	29198
Marcos	Perrin	223 Paget Road	587	6/21/2020	27114
Odell	Wakley	52 Orin Avenue	588	8/28/2020	21786
Thedric	Firbank	755 Ramsey Terrace	589	1/29/2020	29861
Vale	Bodega	35 Fisk Alley	590	07-05-2020	20468
Marcos	Perrin	223 Paget Road	591	2/24/2020	22522
Had	Maffioletti	19 Dryden Hill	592	7/16/2020	25148
Rube	Moralee	29 Spenser Hill	593	11/24/2019	26381
Thedric	Firbank	755 Ramsey Terrace	594	09-11-2020	24412
Any	Rowen	466 Delladonna Pass	595	12-11-2019	22010
Winthrop	Lantaph	92172 Stoughton Court	596	02-05-2020	20695
Merrick	Wymer	053 Pankratz Trail	597	3/21/2020	23998
Mikel	Rankling	2901 American Ash Road	598	04-09-2020	20872
Odell	Wakley	52 Orin Avenue	599	5/24/2020	22872
Had	Maffioletti	19 Dryden Hill	600	10/30/2020	24881
Thedric	Firbank	755 Ramsey Terrace	601	6/19/2020	20137
Odell	Wakley	52 Orin Avenue	602	12-01-2019	22367
Leon	Coales	546 Darwin Park	603	11/23/2019	22631
Hagen	Maris	7864 Hoepker Crossing	604	5/29/2020	28543
Stan	Ivel	1 Maple Place	605	3/26/2020	29698
Gerrie	Barr	477 Havey Hill	606	09-01-2020	24311
Nial	Rentcome	08928 Sunfield Plaza	607	6/25/2020	21754
Mikel	Rankling	2901 American Ash Road	608	05-12-2020	21255
Glenn	Leport	8 Tomscot Place	609	6/16/2020	20601
Nial	Rentcome	08928 Sunfield Plaza	610	2/22/2020	26672
Glenn	Leport	8 Tomscot Place	611	02-04-2020	20357
Gibbie	Purcell	875 Harper Plaza	612	11/18/2019	22842
Winthrop	Lantaph	92172 Stoughton Court	613	03-10-2020	21799
Lindy	Hackey	9885 1st Lane	614	7/16/2020	21477
Timothy	Southon	79507 Scott Court	615	2/20/2020	27729
Trev	Stanyer	8 Fairfield Crossing	616	7/25/2020	28625
Paddy	Scamwell	807 Maywood Place	617	5/13/2020	20297
Leon	Coales	546 Darwin Park	618	08-02-2020	29010
Trev	Stanyer	8 Fairfield Crossing	619	11-01-2020	21506
Stan	Ivel	1 Maple Place	620	10-07-2020	21962
Robert	Stout	6340 Chive Park	621	12/18/2019	29045
Vale	Bodega	35 Fisk Alley	622	4/14/2020	28901
Marius	Warbys	59 Redwing Avenue	623	6/29/2020	26529
Lindy	Hackey	9885 1st Lane	624	3/20/2020	24882
Paddy	Scamwell	807 Maywood Place	625	4/22/2020	28090
Lindy	Hackey	9885 1st Lane	626	4/27/2020	27363
Lindy	Hackey	9885 1st Lane	627	4/14/2020	26428
Martainn	Couch	167 Calypso Terrace	628	04-01-2020	25839
Vale	Bodega	35 Fisk Alley	629	8/17/2020	21170
Had	Maffioletti	19 Dryden Hill	630	2/22/2020	27414
Rube	Moralee	29 Spenser Hill	631	09-01-2020	20290
Vale	Bodega	35 Fisk Alley	632	4/27/2020	20638
Trev	Stanyer	8 Fairfield Crossing	633	4/22/2020	25649
Any	Rowen	466 Delladonna Pass	634	9/29/2020	24628
Stan	Ivel	1 Maple Place	635	3/20/2020	21269
Timothy	Southon	79507 Scott Court	636	05-12-2020	25530
Winthrop	Lantaph	92172 Stoughton Court	637	1/30/2020	22017
Had	Maffioletti	19 Dryden Hill	638	1/21/2020	21728
Marius	Warbys	59 Redwing Avenue	639	12/14/2019	27744
Marcos	Perrin	223 Paget Road	640	1/15/2020	27828
Franklin	Skouling	65288 Anniversary Street	641	4/15/2020	24143
Gibbie	Purcell	875 Harper Plaza	642	10/21/2020	21211
Winthrop	Lantaph	92172 Stoughton Court	643	9/26/2020	21777
Gibbie	Purcell	875 Harper Plaza	644	12/25/2019	25078
Martainn	Couch	167 Calypso Terrace	645	2/28/2020	27538
Trev	Stanyer	8 Fairfield Crossing	646	6/29/2020	23786
Stan	Ivel	1 Maple Place	647	12-02-2019	25322
Martainn	Couch	167 Calypso Terrace	648	09-07-2020	23743
Robert	Stout	6340 Chive Park	649	12/18/2019	21885
Noam	Deelay	9 Browning Court	650	06-04-2020	27268
Hagen	Maris	7864 Hoepker Crossing	651	7/26/2020	29718
Stan	Ivel	1 Maple Place	652	9/25/2020	27236
Any	Rowen	466 Delladonna Pass	653	10/13/2020	28528
Robert	Stout	6340 Chive Park	654	5/19/2020	21083
Thedric	Firbank	755 Ramsey Terrace	655	12/18/2019	21458
Winthrop	Lantaph	92172 Stoughton Court	656	8/18/2020	24302
Nevins	Taplin	2378 Corben Hill	657	11/14/2020	23320
Mikel	Rankling	2901 American Ash Road	658	9/29/2020	24760
Wakefield	Seivwright	421 Norway Maple Parkway	659	10/31/2020	28106
Franklin	Skouling	65288 Anniversary Street	660	3/19/2020	23098
Any	Rowen	466 Delladonna Pass	661	03-02-2020	27970
Nevins	Taplin	2378 Corben Hill	662	5/31/2020	22300
Trev	Stanyer	8 Fairfield Crossing	663	01-05-2020	29676
Martainn	Couch	167 Calypso Terrace	664	05-07-2020	26803
Franklin	Skouling	65288 Anniversary Street	665	8/24/2020	28739
Trev	Stanyer	8 Fairfield Crossing	666	07-08-2020	22441
Odell	Wakley	52 Orin Avenue	667	6/29/2020	25233
Glenn	Leport	8 Tomscot Place	668	2/17/2020	22039
Wakefield	Seivwright	421 Norway Maple Parkway	669	8/20/2020	25472
Rube	Moralee	29 Spenser Hill	670	05-09-2020	26984
Marcos	Perrin	223 Paget Road	671	5/22/2020	27780
Had	Maffioletti	19 Dryden Hill	672	6/15/2020	22405
Robert	Stout	6340 Chive Park	673	07-08-2020	25631
Gibbie	Purcell	875 Harper Plaza	674	1/24/2020	21495
Gibbie	Purcell	875 Harper Plaza	675	07-05-2020	20462
Nial	Rentcome	08928 Sunfield Plaza	676	3/27/2020	26532
Leon	Coales	546 Darwin Park	677	8/31/2020	28480
Stan	Ivel	1 Maple Place	678	01-01-2020	20254
Stan	Ivel	1 Maple Place	679	4/20/2020	27547
Thedric	Firbank	755 Ramsey Terrace	680	12-10-2019	20506
Had	Maffioletti	19 Dryden Hill	681	4/21/2020	29832
Vale	Bodega	35 Fisk Alley	682	5/13/2020	26974
Nial	Rentcome	08928 Sunfield Plaza	683	10/22/2020	28669
Winthrop	Lantaph	92172 Stoughton Court	684	07-11-2020	29358
Hagen	Maris	7864 Hoepker Crossing	685	3/21/2020	22603
Any	Rowen	466 Delladonna Pass	686	4/18/2020	22957
Glenn	Leport	8 Tomscot Place	687	09-04-2020	22942
Martainn	Couch	167 Calypso Terrace	688	3/24/2020	24563
Trev	Stanyer	8 Fairfield Crossing	689	11-05-2020	23239
Had	Maffioletti	19 Dryden Hill	690	03-06-2020	23909
Paddy	Scamwell	807 Maywood Place	691	07-01-2020	20674
Wakefield	Seivwright	421 Norway Maple Parkway	692	7/21/2020	24212
Nevins	Taplin	2378 Corben Hill	693	09-03-2020	24987
Merrick	Wymer	053 Pankratz Trail	694	7/16/2020	21063
Stan	Ivel	1 Maple Place	695	10/28/2020	26389
Franklin	Skouling	65288 Anniversary Street	696	5/19/2020	25483
Leon	Coales	546 Darwin Park	697	11/20/2019	23553
Odell	Wakley	52 Orin Avenue	698	2/21/2020	28480
Glenn	Leport	8 Tomscot Place	699	6/14/2020	22830
Gerrie	Barr	477 Havey Hill	700	04-05-2020	24157
Nevins	Taplin	2378 Corben Hill	701	10/25/2020	25620
Gerrie	Barr	477 Havey Hill	702	10-01-2020	23538
Marcos	Perrin	223 Paget Road	703	09-12-2020	23282
Shelton	Reddings	78147 Hayes Park	704	1/30/2020	26001
Timothy	Southon	79507 Scott Court	705	7/14/2020	21061
Any	Rowen	466 Delladonna Pass	706	6/24/2020	25616
Timothy	Southon	79507 Scott Court	707	09-07-2020	22739
Robert	Stout	6340 Chive Park	708	06-02-2020	23052
Stan	Ivel	1 Maple Place	709	4/18/2020	25685
Paddy	Scamwell	807 Maywood Place	710	9/19/2020	24095
Any	Rowen	466 Delladonna Pass	711	05-11-2020	24347
Rube	Moralee	29 Spenser Hill	712	09-07-2020	25633
Paddy	Scamwell	807 Maywood Place	713	8/29/2020	25623
Robert	Stout	6340 Chive Park	714	1/29/2020	24038
Had	Maffioletti	19 Dryden Hill	715	04-11-2020	21593
Nevins	Taplin	2378 Corben Hill	716	9/21/2020	22329
Gerrie	Barr	477 Havey Hill	717	04-02-2020	25724
Rube	Moralee	29 Spenser Hill	718	2/22/2020	22582
Mikel	Rankling	2901 American Ash Road	719	4/14/2020	21794
Hagen	Maris	7864 Hoepker Crossing	720	8/13/2020	28537
Martainn	Couch	167 Calypso Terrace	721	06-10-2020	21353
Merrick	Wymer	053 Pankratz Trail	722	5/20/2020	26585
Thedric	Firbank	755 Ramsey Terrace	723	6/18/2020	24538
Leon	Coales	546 Darwin Park	724	9/30/2020	22150
Robert	Stout	6340 Chive Park	725	04-08-2020	21502
Thedric	Firbank	755 Ramsey Terrace	726	3/23/2020	26877
Marius	Warbys	59 Redwing Avenue	727	03-05-2020	23433
Merrick	Wymer	053 Pankratz Trail	728	1/21/2020	28162
Lindy	Hackey	9885 1st Lane	729	04-01-2020	24546
Odell	Wakley	52 Orin Avenue	730	1/30/2020	24329
Trev	Stanyer	8 Fairfield Crossing	731	10-06-2020	23877
Stan	Ivel	1 Maple Place	732	6/26/2020	23552
Leon	Coales	546 Darwin Park	733	10-08-2020	29108
Merrick	Wymer	053 Pankratz Trail	734	07-09-2020	28522
Nevins	Taplin	2378 Corben Hill	735	8/13/2020	22011
Glenn	Leport	8 Tomscot Place	736	12/30/2019	25065
Marcos	Perrin	223 Paget Road	737	02-06-2020	25328
Winthrop	Lantaph	92172 Stoughton Court	738	04-06-2020	24595
Robert	Stout	6340 Chive Park	739	01-12-2020	23492
Timothy	Southon	79507 Scott Court	740	11/21/2019	28364
Martainn	Couch	167 Calypso Terrace	741	5/21/2020	28545
Stan	Ivel	1 Maple Place	742	5/22/2020	20372
Wakefield	Seivwright	421 Norway Maple Parkway	743	9/24/2020	21739
Winthrop	Lantaph	92172 Stoughton Court	744	3/22/2020	21246
Merrick	Wymer	053 Pankratz Trail	745	7/19/2020	21919
Merrick	Wymer	053 Pankratz Trail	746	12/15/2019	20316
Merrick	Wymer	053 Pankratz Trail	747	2/18/2020	29099
Stan	Ivel	1 Maple Place	748	04-10-2020	27791
Thedric	Firbank	755 Ramsey Terrace	749	07-11-2020	29930
Paddy	Scamwell	807 Maywood Place	750	11-08-2020	23224
Nial	Rentcome	08928 Sunfield Plaza	751	02-08-2020	20724
Vale	Bodega	35 Fisk Alley	752	03-05-2020	20509
Trev	Stanyer	8 Fairfield Crossing	753	6/20/2020	20742
Nial	Rentcome	08928 Sunfield Plaza	754	02-03-2020	23737
Martainn	Couch	167 Calypso Terrace	755	10/25/2020	29504
Shelton	Reddings	78147 Hayes Park	756	07-08-2020	27752
Had	Maffioletti	19 Dryden Hill	757	03-02-2020	21877
Franklin	Skouling	65288 Anniversary Street	758	04-10-2020	27185
Vale	Bodega	35 Fisk Alley	759	06-12-2020	29019
Timothy	Southon	79507 Scott Court	760	9/13/2020	23012
Shelton	Reddings	78147 Hayes Park	761	12/23/2019	29914
Gibbie	Purcell	875 Harper Plaza	762	09-02-2020	28947
Stan	Ivel	1 Maple Place	763	3/21/2020	23352
Shelton	Reddings	78147 Hayes Park	764	4/16/2020	28516
Nial	Rentcome	08928 Sunfield Plaza	765	4/22/2020	21964
Nevins	Taplin	2378 Corben Hill	766	4/15/2020	28291
Lindy	Hackey	9885 1st Lane	767	11/28/2019	21465
Gibbie	Purcell	875 Harper Plaza	768	03-07-2020	21330
Sylvan	Espinel	0 Bellgrove Circle	769	7/23/2020	28803
Robert	Stout	6340 Chive Park	770	12/29/2019	28876
Mikel	Rankling	2901 American Ash Road	771	02-03-2020	29888
Winthrop	Lantaph	92172 Stoughton Court	772	08-09-2020	22561
Gerrie	Barr	477 Havey Hill	773	6/22/2020	26037
Marcos	Perrin	223 Paget Road	774	01-12-2020	28001
Winthrop	Lantaph	92172 Stoughton Court	775	5/26/2020	25125
Winthrop	Lantaph	92172 Stoughton Court	776	01-04-2020	24107
Odell	Wakley	52 Orin Avenue	777	10-01-2020	28902
Vale	Bodega	35 Fisk Alley	778	01-11-2020	29972
Merrick	Wymer	053 Pankratz Trail	779	5/31/2020	23525
Marius	Warbys	59 Redwing Avenue	780	10-11-2020	27877
Wakefield	Seivwright	421 Norway Maple Parkway	781	4/26/2020	27224
Vale	Bodega	35 Fisk Alley	782	07-09-2020	28397
Shelton	Reddings	78147 Hayes Park	783	01-10-2020	29625
Winthrop	Lantaph	92172 Stoughton Court	784	12-03-2019	28037
Leon	Coales	546 Darwin Park	785	9/17/2020	24462
Robert	Stout	6340 Chive Park	786	06-02-2020	29696
Paddy	Scamwell	807 Maywood Place	787	1/21/2020	26098
Hagen	Maris	7864 Hoepker Crossing	788	7/14/2020	20436
Nial	Rentcome	08928 Sunfield Plaza	789	12-12-2019	26455
Stan	Ivel	1 Maple Place	790	10/18/2020	23707
Rube	Moralee	29 Spenser Hill	791	12-01-2019	24781
Stan	Ivel	1 Maple Place	792	04-05-2020	25333
Paddy	Scamwell	807 Maywood Place	793	02-06-2020	26678
Hagen	Maris	7864 Hoepker Crossing	794	09-04-2020	21942
Thedric	Firbank	755 Ramsey Terrace	795	6/16/2020	26382
Robert	Stout	6340 Chive Park	796	4/20/2020	25864
Nial	Rentcome	08928 Sunfield Plaza	797	07-09-2020	22742
Hagen	Maris	7864 Hoepker Crossing	798	11-11-2020	29132
Martainn	Couch	167 Calypso Terrace	799	6/24/2020	25216
Trev	Stanyer	8 Fairfield Crossing	800	5/16/2020	29430
Marius	Warbys	59 Redwing Avenue	801	1/31/2020	23214
Merrick	Wymer	053 Pankratz Trail	802	8/24/2020	20529
Timothy	Southon	79507 Scott Court	803	11-07-2020	26644
Vale	Bodega	35 Fisk Alley	804	01-12-2020	25413
Sylvan	Espinel	0 Bellgrove Circle	805	4/18/2020	22055
Wakefield	Seivwright	421 Norway Maple Parkway	806	8/21/2020	23209
Stan	Ivel	1 Maple Place	807	7/21/2020	23463
Martainn	Couch	167 Calypso Terrace	808	12/22/2019	22312
Wakefield	Seivwright	421 Norway Maple Parkway	809	05-07-2020	27443
Sylvan	Espinel	0 Bellgrove Circle	810	02-10-2020	25963
Mikel	Rankling	2901 American Ash Road	811	02-08-2020	20546
Wakefield	Seivwright	421 Norway Maple Parkway	812	6/18/2020	24319
Had	Maffioletti	19 Dryden Hill	813	09-12-2020	25249
Hagen	Maris	7864 Hoepker Crossing	814	04-01-2020	24751
Martainn	Couch	167 Calypso Terrace	815	04-03-2020	21931
Gerrie	Barr	477 Havey Hill	816	7/26/2020	25458
Odell	Wakley	52 Orin Avenue	817	1/27/2020	24235
Paddy	Scamwell	807 Maywood Place	818	06-07-2020	22692
Franklin	Skouling	65288 Anniversary Street	819	01-01-2020	24872
Marcos	Perrin	223 Paget Road	820	10/30/2020	24307
Gerrie	Barr	477 Havey Hill	821	08-11-2020	27553
Franklin	Skouling	65288 Anniversary Street	822	11/19/2019	28361
Odell	Wakley	52 Orin Avenue	823	6/18/2020	20388
Gibbie	Purcell	875 Harper Plaza	824	12/13/2019	28619
Shelton	Reddings	78147 Hayes Park	825	07-03-2020	29688
Gerrie	Barr	477 Havey Hill	826	3/15/2020	26347
Marius	Warbys	59 Redwing Avenue	827	12/19/2019	22191
Any	Rowen	466 Delladonna Pass	828	5/27/2020	22030
Winthrop	Lantaph	92172 Stoughton Court	829	1/25/2020	23275
Shelton	Reddings	78147 Hayes Park	830	1/30/2020	23097
Franklin	Skouling	65288 Anniversary Street	831	6/16/2020	24391
Thedric	Firbank	755 Ramsey Terrace	832	3/19/2020	22794
Paddy	Scamwell	807 Maywood Place	833	10/14/2020	28784
Merrick	Wymer	053 Pankratz Trail	834	5/15/2020	22891
Gerrie	Barr	477 Havey Hill	835	3/24/2020	26925
Had	Maffioletti	19 Dryden Hill	836	02-06-2020	26988
Noam	Deelay	9 Browning Court	837	01-11-2020	29331
Paddy	Scamwell	807 Maywood Place	838	3/23/2020	22236
Noam	Deelay	9 Browning Court	839	11-05-2020	29860
Robert	Stout	6340 Chive Park	840	3/24/2020	23986
Gibbie	Purcell	875 Harper Plaza	841	3/25/2020	25416
Paddy	Scamwell	807 Maywood Place	842	9/15/2020	22201
Timothy	Southon	79507 Scott Court	843	8/13/2020	27226
Martainn	Couch	167 Calypso Terrace	844	11/29/2019	23444
Odell	Wakley	52 Orin Avenue	845	12/29/2019	25437
Merrick	Wymer	053 Pankratz Trail	846	09-03-2020	22760
Leon	Coales	546 Darwin Park	847	5/26/2020	28798
Gerrie	Barr	477 Havey Hill	848	2/20/2020	22936
Thedric	Firbank	755 Ramsey Terrace	849	8/14/2020	27691
Thedric	Firbank	755 Ramsey Terrace	850	6/23/2020	27962
Gibbie	Purcell	875 Harper Plaza	851	11-10-2020	27143
Paddy	Scamwell	807 Maywood Place	852	03-08-2020	29112
Franklin	Skouling	65288 Anniversary Street	853	2/27/2020	27886
Shelton	Reddings	78147 Hayes Park	854	5/15/2020	22452
Nevins	Taplin	2378 Corben Hill	855	03-01-2020	22454
Gerrie	Barr	477 Havey Hill	856	04-03-2020	24084
Paddy	Scamwell	807 Maywood Place	857	1/14/2020	27783
Marius	Warbys	59 Redwing Avenue	858	4/27/2020	20295
Mikel	Rankling	2901 American Ash Road	859	09-07-2020	26229
Franklin	Skouling	65288 Anniversary Street	860	3/15/2020	23665
Any	Rowen	466 Delladonna Pass	861	11/27/2019	21380
Glenn	Leport	8 Tomscot Place	862	4/15/2020	21915
Nial	Rentcome	08928 Sunfield Plaza	863	06-11-2020	27424
Any	Rowen	466 Delladonna Pass	864	4/16/2020	26289
Mikel	Rankling	2901 American Ash Road	865	6/15/2020	29858
Merrick	Wymer	053 Pankratz Trail	866	12/25/2019	23444
Lindy	Hackey	9885 1st Lane	867	04-08-2020	22347
Paddy	Scamwell	807 Maywood Place	868	8/27/2020	25837
Nial	Rentcome	08928 Sunfield Plaza	869	8/29/2020	27899
Gerrie	Barr	477 Havey Hill	870	05-06-2020	29141
Had	Maffioletti	19 Dryden Hill	871	9/22/2020	29155
Merrick	Wymer	053 Pankratz Trail	872	07-12-2020	23139
Hagen	Maris	7864 Hoepker Crossing	873	12-07-2019	29371
Wakefield	Seivwright	421 Norway Maple Parkway	874	5/14/2020	26439
Odell	Wakley	52 Orin Avenue	875	01-12-2020	22602
Hagen	Maris	7864 Hoepker Crossing	876	1/23/2020	22433
Thedric	Firbank	755 Ramsey Terrace	877	4/21/2020	26065
Glenn	Leport	8 Tomscot Place	878	12/15/2019	28690
Lindy	Hackey	9885 1st Lane	879	12/26/2019	20214
Had	Maffioletti	19 Dryden Hill	880	4/23/2020	24830
Any	Rowen	466 Delladonna Pass	881	2/27/2020	29373
Noam	Deelay	9 Browning Court	882	2/13/2020	25801
Vale	Bodega	35 Fisk Alley	883	06-07-2020	24349
Robert	Stout	6340 Chive Park	884	05-01-2020	20152
Vale	Bodega	35 Fisk Alley	885	10/19/2020	27740
Shelton	Reddings	78147 Hayes Park	886	11-08-2020	23594
Had	Maffioletti	19 Dryden Hill	887	11/16/2019	20090
Sylvan	Espinel	0 Bellgrove Circle	888	06-11-2020	25382
Leon	Coales	546 Darwin Park	889	8/30/2020	28630
Sylvan	Espinel	0 Bellgrove Circle	890	08-11-2020	22349
Leon	Coales	546 Darwin Park	891	7/25/2020	23997
Stan	Ivel	1 Maple Place	892	03-05-2020	23977
Winthrop	Lantaph	92172 Stoughton Court	893	08-08-2020	21245
Hagen	Maris	7864 Hoepker Crossing	894	7/23/2020	26792
Odell	Wakley	52 Orin Avenue	895	12/27/2019	21888
Martainn	Couch	167 Calypso Terrace	896	03-04-2020	25075
Vale	Bodega	35 Fisk Alley	897	10/31/2020	28638
Glenn	Leport	8 Tomscot Place	898	7/28/2020	23431
Mikel	Rankling	2901 American Ash Road	899	7/25/2020	29865
Robert	Stout	6340 Chive Park	900	4/21/2020	26088
Nial	Rentcome	08928 Sunfield Plaza	901	5/26/2020	25506
Stan	Ivel	1 Maple Place	902	10-01-2020	26415
Sylvan	Espinel	0 Bellgrove Circle	903	01-04-2020	24453
Mikel	Rankling	2901 American Ash Road	904	7/29/2020	22284
Odell	Wakley	52 Orin Avenue	905	06-09-2020	21423
Leon	Coales	546 Darwin Park	906	5/20/2020	25936
Gerrie	Barr	477 Havey Hill	907	2/18/2020	27563
Rube	Moralee	29 Spenser Hill	908	4/22/2020	23925
Gibbie	Purcell	875 Harper Plaza	909	8/30/2020	24617
Had	Maffioletti	19 Dryden Hill	910	12-01-2019	26223
Sylvan	Espinel	0 Bellgrove Circle	911	2/21/2020	20010
Noam	Deelay	9 Browning Court	912	03-10-2020	22748
Gerrie	Barr	477 Havey Hill	913	10/25/2020	26144
Martainn	Couch	167 Calypso Terrace	914	11/26/2019	27775
Thedric	Firbank	755 Ramsey Terrace	915	02-01-2020	21134
Sylvan	Espinel	0 Bellgrove Circle	916	05-03-2020	20608
Gibbie	Purcell	875 Harper Plaza	917	4/13/2020	26273
Shelton	Reddings	78147 Hayes Park	918	02-10-2020	24730
Trev	Stanyer	8 Fairfield Crossing	919	4/27/2020	26537
Marcos	Perrin	223 Paget Road	920	6/22/2020	21692
Nevins	Taplin	2378 Corben Hill	921	03-03-2020	27195
Gibbie	Purcell	875 Harper Plaza	922	6/16/2020	21211
Sylvan	Espinel	0 Bellgrove Circle	923	1/25/2020	28888
Leon	Coales	546 Darwin Park	924	01-05-2020	26160
Nial	Rentcome	08928 Sunfield Plaza	925	09-09-2020	29703
Gerrie	Barr	477 Havey Hill	926	08-03-2020	26241
Had	Maffioletti	19 Dryden Hill	927	2/25/2020	25189
Shelton	Reddings	78147 Hayes Park	928	12-12-2019	21966
Nevins	Taplin	2378 Corben Hill	929	06-09-2020	25350
Stan	Ivel	1 Maple Place	930	11/23/2019	28593
Stan	Ivel	1 Maple Place	931	10/26/2020	22943
Gerrie	Barr	477 Havey Hill	932	12/26/2019	24722
Glenn	Leport	8 Tomscot Place	933	10/23/2020	21194
Sylvan	Espinel	0 Bellgrove Circle	934	03-11-2020	27669
Any	Rowen	466 Delladonna Pass	935	12/20/2019	27995
Timothy	Southon	79507 Scott Court	936	10/30/2020	21032
Leon	Coales	546 Darwin Park	937	10/28/2020	29374
Odell	Wakley	52 Orin Avenue	938	09-04-2020	26400
Marcos	Perrin	223 Paget Road	939	9/25/2020	26580
Mikel	Rankling	2901 American Ash Road	940	1/19/2020	22662
Martainn	Couch	167 Calypso Terrace	941	6/23/2020	22491
Nevins	Taplin	2378 Corben Hill	942	11-06-2020	27953
Wakefield	Seivwright	421 Norway Maple Parkway	943	5/14/2020	24468
Nial	Rentcome	08928 Sunfield Plaza	944	11-09-2020	26384
Marius	Warbys	59 Redwing Avenue	945	6/25/2020	21721
Shelton	Reddings	78147 Hayes Park	946	05-06-2020	29962
Odell	Wakley	52 Orin Avenue	947	02-07-2020	28760
Stan	Ivel	1 Maple Place	948	3/27/2020	27007
Franklin	Skouling	65288 Anniversary Street	949	08-07-2020	24976
Merrick	Wymer	053 Pankratz Trail	950	7/16/2020	27112
Robert	Stout	6340 Chive Park	951	4/24/2020	22515
Marcos	Perrin	223 Paget Road	952	02-07-2020	29207
Vale	Bodega	35 Fisk Alley	953	1/24/2020	29771
Had	Maffioletti	19 Dryden Hill	954	3/13/2020	24502
Trev	Stanyer	8 Fairfield Crossing	955	5/17/2020	25791
Thedric	Firbank	755 Ramsey Terrace	956	5/27/2020	26044
Noam	Deelay	9 Browning Court	957	09-02-2020	27579
Had	Maffioletti	19 Dryden Hill	958	7/28/2020	28658
Any	Rowen	466 Delladonna Pass	959	12/14/2019	23370
Lindy	Hackey	9885 1st Lane	960	9/17/2020	27986
Winthrop	Lantaph	92172 Stoughton Court	961	03-09-2020	21716
Had	Maffioletti	19 Dryden Hill	962	2/15/2020	27173
Gerrie	Barr	477 Havey Hill	963	12/30/2019	26247
Thedric	Firbank	755 Ramsey Terrace	964	01-09-2020	22428
Any	Rowen	466 Delladonna Pass	965	03-02-2020	20294
Nevins	Taplin	2378 Corben Hill	966	11-05-2020	25896
Marcos	Perrin	223 Paget Road	967	11/27/2019	20490
Martainn	Couch	167 Calypso Terrace	968	05-12-2020	29812
Nevins	Taplin	2378 Corben Hill	969	2/26/2020	22143
Had	Maffioletti	19 Dryden Hill	970	12/14/2019	23166
Nevins	Taplin	2378 Corben Hill	971	08-02-2020	23524
Lindy	Hackey	9885 1st Lane	972	1/23/2020	21559
Robert	Stout	6340 Chive Park	973	3/18/2020	25917
Gibbie	Purcell	875 Harper Plaza	974	4/14/2020	21758
Rube	Moralee	29 Spenser Hill	975	02-08-2020	23201
Vale	Bodega	35 Fisk Alley	976	01-06-2020	25073
Shelton	Reddings	78147 Hayes Park	977	6/26/2020	20266
Nevins	Taplin	2378 Corben Hill	978	12/19/2019	23396
Trev	Stanyer	8 Fairfield Crossing	979	04-11-2020	23193
Robert	Stout	6340 Chive Park	980	11-03-2020	22255
Paddy	Scamwell	807 Maywood Place	981	10/27/2020	29161
Gibbie	Purcell	875 Harper Plaza	982	09-07-2020	27489
Merrick	Wymer	053 Pankratz Trail	983	11-05-2020	29846
Odell	Wakley	52 Orin Avenue	984	3/24/2020	24387
Nial	Rentcome	08928 Sunfield Plaza	985	7/30/2020	25942
Mikel	Rankling	2901 American Ash Road	986	2/24/2020	27647
Mikel	Rankling	2901 American Ash Road	987	8/26/2020	28643
Had	Maffioletti	19 Dryden Hill	988	12/21/2019	27698
Winthrop	Lantaph	92172 Stoughton Court	989	11/24/2019	20268
Noam	Deelay	9 Browning Court	990	10/15/2020	22593
Stan	Ivel	1 Maple Place	991	1/19/2020	25553
Paddy	Scamwell	807 Maywood Place	992	8/19/2020	25631
Hagen	Maris	7864 Hoepker Crossing	993	03-08-2020	24550
Shelton	Reddings	78147 Hayes Park	994	05-06-2020	21006
Hagen	Maris	7864 Hoepker Crossing	995	10-03-2020	29820
Marcos	Perrin	223 Paget Road	996	02-01-2020	20791
Noam	Deelay	9 Browning Court	997	5/28/2020	25255
Sylvan	Espinel	0 Bellgrove Circle	998	11/23/2019	27846
Marcos	Perrin	223 Paget Road	999	03-02-2020	29175
Thedric	Firbank	755 Ramsey Terrace	1000	3/18/2020	26596
